{"cameraMode":{"drawMode":0,"name":"Shaded","section":"Shading Mode"},"sceneLighting":true,"audioPlay":false,"sceneViewState":{"showFog":true,"showMaterialUpdate":false,"showSkybox":true,"showFlares":true,"showImageEffects":true,"showParticleSystems":true},"in2DMode":false,"pivot":{"x":-149.7816619873047,"y":16.45311737060547,"z":-67.88591766357422},"rotation":{"x":0.030094178393483163,"y":0.6985375881195068,"z":-0.0053566875867545609,"w":0.7172302007675171},"size":10.800769805908204,"orthographic":false}