{"cameraMode":{"drawMode":0,"name":"Shaded","section":"Shading Mode"},"sceneLighting":true,"audioPlay":false,"sceneViewState":{"showFog":true,"showMaterialUpdate":true,"showSkybox":true,"showFlares":true,"showImageEffects":true,"showParticleSystems":true},"in2DMode":false,"pivot":{"x":-169.81260681152345,"y":18.16783905029297,"z":-67.1895980834961},"rotation":{"x":0.00023239690926857293,"y":0.6677154898643494,"z":-0.00020444330584723502,"w":0.7444376349449158},"size":8.218155860900879,"orthographic":false}