{"cameraMode":{"drawMode":0,"name":"Shaded","section":"Shading Mode"},"sceneLighting":true,"audioPlay":false,"sceneViewState":{"showFog":true,"showMaterialUpdate":false,"showSkybox":true,"showFlares":true,"showImageEffects":true,"showParticleSystems":true},"in2DMode":false,"pivot":{"x":-3.0711452960968019,"y":12.80502700805664,"z":-11.0086669921875},"rotation":{"x":0.00948272179812193,"y":0.9852396249771118,"z":-0.05800722911953926,"w":0.16100618243217469},"size":22.049297332763673,"orthographic":false}