{"cameraMode":{"drawMode":0,"name":"Shaded","section":"Shading Mode"},"sceneLighting":true,"audioPlay":false,"sceneViewState":{"showFog":true,"showMaterialUpdate":true,"showSkybox":true,"showFlares":true,"showImageEffects":true,"showParticleSystems":true},"in2DMode":false,"pivot":{"x":12.872407913208008,"y":-1.0829449892044068,"z":-0.911317765712738},"rotation":{"x":-0.012892755679786206,"y":0.7036634087562561,"z":0.007338760886341333,"w":-0.724316418170929},"size":22.984634399414064,"orthographic":false}