{"cameraMode":{"drawMode":0,"name":"Shaded","section":"Shading Mode"},"sceneLighting":true,"audioPlay":false,"sceneViewState":{"showFog":true,"showMaterialUpdate":true,"showSkybox":true,"showFlares":true,"showImageEffects":true,"showParticleSystems":true},"in2DMode":false,"pivot":{"x":-200.20803833007813,"y":15.807377815246582,"z":-74.2292709350586},"rotation":{"x":0.009033526293933392,"y":0.9811374545097351,"z":-0.04744061455130577,"w":0.18734484910964967},"size":8.218155860900879,"orthographic":false}