{"cameraMode":{"drawMode":0,"name":"Shaded","section":"Shading Mode"},"sceneLighting":true,"audioPlay":false,"sceneViewState":{"showFog":true,"showMaterialUpdate":true,"showSkybox":true,"showFlares":true,"showImageEffects":true,"showParticleSystems":true},"in2DMode":false,"pivot":{"x":-174.79942321777345,"y":15.153172492980957,"z":-60.816253662109378},"rotation":{"x":0.11554758250713349,"y":0.007755908649414778,"z":-0.0009040696313604713,"w":0.9932779669761658},"size":8.218155860900879,"orthographic":false}