{"cameraMode":{"drawMode":0,"name":"Shaded","section":"Shading Mode"},"sceneLighting":true,"audioPlay":false,"sceneViewState":{"showFog":true,"showMaterialUpdate":true,"showSkybox":true,"showFlares":true,"showImageEffects":true,"showParticleSystems":true},"in2DMode":false,"pivot":{"x":-135.6096649169922,"y":19.348878860473634,"z":-62.59788131713867},"rotation":{"x":0.012372946366667748,"y":-0.6457105875015259,"z":-0.010440748184919358,"w":-0.7634654641151428},"size":15.288259506225586,"orthographic":false}