{"cameraMode":{"drawMode":0,"name":"Shaded","section":"Shading Mode"},"sceneLighting":true,"audioPlay":false,"sceneViewState":{"showFog":true,"showMaterialUpdate":true,"showSkybox":true,"showFlares":true,"showImageEffects":true,"showParticleSystems":true},"in2DMode":false,"pivot":{"x":-187.20407104492188,"y":16.613365173339845,"z":-65.21293640136719},"rotation":{"x":-0.06120353937149048,"y":0.6974887251853943,"z":-0.05999654904007912,"w":-0.7114757299423218},"size":8.218155860900879,"orthographic":false}