{"cameraMode":{"drawMode":0,"name":"Shaded","section":"Shading Mode"},"sceneLighting":false,"audioPlay":false,"sceneViewState":{"showFog":true,"showMaterialUpdate":true,"showSkybox":false,"showFlares":true,"showImageEffects":true,"showParticleSystems":true},"in2DMode":false,"pivot":{"x":-181.55615234375,"y":19.586437225341798,"z":-71.03588104248047},"rotation":{"x":-0.2528062164783478,"y":-0.7315705418586731,"z":0.35098353028297427,"w":-0.527018129825592},"size":1.418344497680664,"orthographic":false}