{"cameraMode":{"drawMode":0,"name":"Shaded","section":"Shading Mode"},"sceneLighting":true,"audioPlay":false,"sceneViewState":{"showFog":true,"showMaterialUpdate":true,"showSkybox":true,"showFlares":true,"showImageEffects":true,"showParticleSystems":true},"in2DMode":false,"pivot":{"x":-178.73590087890626,"y":18.008398056030275,"z":-72.38372802734375},"rotation":{"x":-0.022863931953907014,"y":-0.9331321120262146,"z":0.06059558317065239,"w":-0.3537616729736328},"size":2.0558888912200929,"orthographic":false}