{"cameraMode":{"drawMode":0,"name":"Shaded","section":"Shading Mode"},"sceneLighting":true,"audioPlay":false,"sceneViewState":{"showFog":true,"showMaterialUpdate":true,"showSkybox":true,"showFlares":true,"showImageEffects":true,"showParticleSystems":true},"in2DMode":false,"pivot":{"x":-176.7141876220703,"y":16.879810333251954,"z":-69.76085662841797},"rotation":{"x":-0.07546435296535492,"y":0.7024330496788025,"z":-0.07530110329389572,"w":-0.7037346363067627},"size":8.218155860900879,"orthographic":false}