{"cameraMode":{"drawMode":0,"name":"Shaded","section":"Shading Mode"},"sceneLighting":true,"audioPlay":false,"sceneViewState":{"showFog":true,"showMaterialUpdate":true,"showSkybox":true,"showFlares":true,"showImageEffects":true,"showParticleSystems":true},"in2DMode":false,"pivot":{"x":-198.67044067382813,"y":18.657079696655275,"z":-72.19817352294922},"rotation":{"x":-0.010590879246592522,"y":-0.9875703454017639,"z":0.1374679058790207,"w":-0.07596098631620407},"size":8.218155860900879,"orthographic":false}