{"cameraMode":{"drawMode":0,"name":"Shaded","section":"Shading Mode"},"sceneLighting":false,"audioPlay":false,"sceneViewState":{"showFog":true,"showMaterialUpdate":true,"showSkybox":false,"showFlares":true,"showImageEffects":true,"showParticleSystems":true},"in2DMode":false,"pivot":{"x":-175.6999969482422,"y":16.469999313354493,"z":-60.70000076293945},"rotation":{"x":-0.03835945203900337,"y":-0.5711814761161804,"z":-0.012105569243431092,"w":0.8198433518409729},"size":5.5422468185424809,"orthographic":false}