{"cameraMode":{"drawMode":0,"name":"Shaded","section":"Shading Mode"},"sceneLighting":false,"audioPlay":false,"sceneViewState":{"showFog":true,"showMaterialUpdate":true,"showSkybox":false,"showFlares":true,"showImageEffects":true,"showParticleSystems":true},"in2DMode":false,"pivot":{"x":-0.7106781005859375,"y":-4.260000228881836,"z":6.3539886474609379},"rotation":{"x":-0.16973872482776643,"y":-0.3174211084842682,"z":0.05788028612732887,"w":-0.9311854243278503},"size":1.418328881263733,"orthographic":false}