{"cameraMode":{"drawMode":0,"name":"Shaded","section":"Shading Mode"},"sceneLighting":false,"audioPlay":false,"sceneViewState":{"showFog":true,"showMaterialUpdate":false,"showSkybox":false,"showFlares":true,"showImageEffects":true,"showParticleSystems":true},"in2DMode":false,"pivot":{"x":176.93408203125,"y":-3.5224061012268068,"z":-53.06204605102539},"rotation":{"x":-0.1596723198890686,"y":-0.22615490853786469,"z":0.0327155776321888,"w":-0.9614949226379395},"size":4.404294967651367,"orthographic":false}