{"cameraMode":{"drawMode":0,"name":"Shaded","section":"Shading Mode"},"sceneLighting":false,"audioPlay":false,"sceneViewState":{"showFog":true,"showMaterialUpdate":false,"showSkybox":false,"showFlares":true,"showImageEffects":true,"showParticleSystems":true},"in2DMode":false,"pivot":{"x":30.888622283935548,"y":-0.842315137386322,"z":0.703848123550415},"rotation":{"x":0.1636337786912918,"y":-0.03722537308931351,"z":0.05546693131327629,"w":0.9842590689659119},"size":5.697282791137695,"orthographic":false}