{"cameraMode":{"drawMode":0,"name":"Shaded","section":"Shading Mode"},"sceneLighting":false,"audioPlay":false,"sceneViewState":{"showFog":true,"showMaterialUpdate":false,"showSkybox":false,"showFlares":true,"showImageEffects":true,"showParticleSystems":true},"in2DMode":false,"pivot":{"x":-175.6999969482422,"y":16.469999313354493,"z":-60.70000076293945},"rotation":{"x":0.3465646505355835,"y":0.09492063522338867,"z":-0.03527285158634186,"w":0.9325686693191528},"size":7.24544620513916,"orthographic":false}