{"cameraMode":{"drawMode":0,"name":"Shaded","section":"Shading Mode"},"sceneLighting":false,"audioPlay":false,"sceneViewState":{"showFog":true,"showMaterialUpdate":false,"showSkybox":false,"showFlares":true,"showImageEffects":true,"showParticleSystems":true},"in2DMode":false,"pivot":{"x":-174.89999389648438,"y":17.600000381469728,"z":-77.5},"rotation":{"x":0.3465646505355835,"y":0.09492063522338867,"z":-0.03527285158634186,"w":0.9325686693191528},"size":7.123721122741699,"orthographic":false}