{"cameraMode":{"drawMode":0,"name":"Shaded","section":"Shading Mode"},"sceneLighting":false,"audioPlay":false,"sceneViewState":{"showFog":true,"showMaterialUpdate":false,"showSkybox":false,"showFlares":true,"showImageEffects":true,"showParticleSystems":true},"in2DMode":false,"pivot":{"x":-7.752621650695801,"y":3.005533218383789,"z":-0.833309531211853},"rotation":{"x":-0.10699938982725144,"y":-0.7735171914100647,"z":0.13426758348941804,"w":-0.610461413860321},"size":2.8578836917877199,"orthographic":false}