{"cameraMode":{"drawMode":0,"name":"Shaded","section":"Shading Mode"},"sceneLighting":false,"audioPlay":false,"sceneViewState":{"showFog":true,"showMaterialUpdate":false,"showSkybox":false,"showFlares":true,"showImageEffects":true,"showParticleSystems":true},"in2DMode":false,"pivot":{"x":60.285865783691409,"y":-1.25,"z":-16.50472640991211},"rotation":{"x":-0.13769739866256715,"y":-0.0028673771303147079,"z":-0.004301713779568672,"w":-0.9915624856948853},"size":3.572355031967163,"orthographic":false}