{"cameraMode":{"drawMode":0,"name":"Shaded","section":"Shading Mode"},"sceneLighting":true,"audioPlay":false,"sceneViewState":{"showFog":true,"showMaterialUpdate":false,"showSkybox":true,"showFlares":true,"showImageEffects":true,"showParticleSystems":true},"in2DMode":false,"pivot":{"x":102.46337890625,"y":13.434072494506836,"z":-7.00567626953125},"rotation":{"x":0.2916211783885956,"y":-0.6898342967033386,"z":0.5350067615509033,"w":0.3938698172569275},"size":19.440574645996095,"orthographic":false}