{"cameraMode":{"drawMode":0,"name":"Shaded","section":"Shading Mode"},"sceneLighting":false,"audioPlay":false,"sceneViewState":{"showFog":true,"showMaterialUpdate":false,"showSkybox":false,"showFlares":true,"showImageEffects":true,"showParticleSystems":true},"in2DMode":false,"pivot":{"x":29.43670654296875,"y":-1.0061800479888917,"z":7.435989856719971},"rotation":{"x":0.10032906383275986,"y":-0.005969681311398745,"z":0.0006019807187840343,"w":0.9949358105659485},"size":3.7125000953674318,"orthographic":false}