{"cameraMode":{"drawMode":0,"name":"Shaded","section":"Shading Mode"},"sceneLighting":false,"audioPlay":false,"sceneViewState":{"showFog":true,"showMaterialUpdate":false,"showSkybox":false,"showFlares":true,"showImageEffects":true,"showParticleSystems":true},"in2DMode":false,"pivot":{"x":-0.3180483877658844,"y":1.4323824644088746,"z":-1.4005519151687623},"rotation":{"x":0.2878161668777466,"y":0.07263461500406265,"z":-0.02189498394727707,"w":0.9547001719474793},"size":2.8578836917877199,"orthographic":false}