{"cameraMode":{"drawMode":0,"name":"Shaded","section":"Shading Mode"},"sceneLighting":false,"audioPlay":false,"sceneViewState":{"showFog":true,"showMaterialUpdate":true,"showSkybox":false,"showFlares":true,"showImageEffects":true,"showParticleSystems":true},"in2DMode":false,"pivot":{"x":-2.6928465366363527,"y":5.443807601928711,"z":-1.5099477767944337},"rotation":{"x":-0.11609999090433121,"y":-0.12569282948970796,"z":0.014813493005931378,"w":-0.9851445555686951},"size":2.8578836917877199,"orthographic":false}