{"cameraMode":{"drawMode":0,"name":"Shaded","section":"Shading Mode"},"sceneLighting":true,"audioPlay":false,"sceneViewState":{"showFog":true,"showMaterialUpdate":true,"showSkybox":true,"showFlares":true,"showImageEffects":true,"showParticleSystems":true},"in2DMode":false,"pivot":{"x":5.041110515594482,"y":-4.8030548095703129,"z":-14.172507286071778},"rotation":{"x":0.010950968600809574,"y":0.9624836444854736,"z":-0.2682514488697052,"w":0.039292123168706897},"size":31.28621482849121,"orthographic":false}